Receipt,Item,Price,Category,Date
receipt.jpg,Telp.,11223344,Uncategorized,2025-07-04 14:50
receipt.jpg,Lorem,1,Food,2025-07-04 14:50
receipt.jpg,Ipsum,2,Food,2025-07-04 14:50
receipt.jpg,Dolor sit amet,3,Food,2025-07-04 14:50
receipt.jpg,Consectetur,4,Snack,2025-07-04 14:50
receipt.jpg,Adipiscing elit,6,Snack,2025-07-04 14:50
receipt.jpg,Bank card wwe w= ===,234,Uncategorized,2025-07-04 14:50
receipt1.jpg,RecrwptNo,4020397,Uncategorized,2025-07-04 14:50
receipt1.jpg,tha ALI sty $ 200,1000,Uncategorized,2025-07-04 14:50
receipt1.jpg,SH wat S HICK s) 300,1500,Uncategorized,2025-07-04 14:50
receipt1.jpg,WG WHOLE WHE AT LL Thgl $700,1400,Uncategorized,2025-07-04 14:50
receipt.jpg,Telp.,11223344,Uncategorized,2025-07-04 14:57
receipt.jpg,Lorem,1,Food,2025-07-04 14:57
receipt.jpg,Ipsum,2,Food,2025-07-04 14:57
receipt.jpg,Dolor sit amet,3,Food,2025-07-04 14:57
receipt.jpg,Consectetur,4,Snack,2025-07-04 14:57
receipt.jpg,Adipiscing elit,6,Snack,2025-07-04 14:57
receipt.jpg,Bank card wwe w= ===,234,Uncategorized,2025-07-04 14:57
C:/Users/3D ROYAL/Documents/PYTHON ADVANCE/Project/receipt1.jpg,RecrwptNo,4020397.0,Uncategorized,2025-07-04 15:06
C:/Users/3D ROYAL/Documents/PYTHON ADVANCE/Project/receipt1.jpg,tha ALI sty $ 200,1000.0,Uncategorized,2025-07-04 15:06
C:/Users/3D ROYAL/Documents/PYTHON ADVANCE/Project/receipt1.jpg,SH wat S HICK s) 300,1500.0,Uncategorized,2025-07-04 15:06
C:/Users/3D ROYAL/Documents/PYTHON ADVANCE/Project/receipt1.jpg,WG WHOLE WHE AT LL Thgl $700,1400.0,Uncategorized,2025-07-04 15:06
C:/Users/3D ROYAL/Documents/PYTHON ADVANCE/Project/receipt.jpg,Telp.,11223344.0,Uncategorized,2025-07-04 15:40
C:/Users/3D ROYAL/Documents/PYTHON ADVANCE/Project/receipt.jpg,Lorem,1.1,Uncategorized,2025-07-04 15:40
C:/Users/3D ROYAL/Documents/PYTHON ADVANCE/Project/receipt.jpg,Ipsum,2.2,Uncategorized,2025-07-04 15:40
C:/Users/3D ROYAL/Documents/PYTHON ADVANCE/Project/receipt.jpg,Dolor sit amet,33.0,Uncategorized,2025-07-04 15:40
C:/Users/3D ROYAL/Documents/PYTHON ADVANCE/Project/receipt.jpg,Consectetur,4.4,Uncategorized,2025-07-04 15:40
C:/Users/3D ROYAL/Documents/PYTHON ADVANCE/Project/receipt.jpg,Cash,20.0,Uncategorized,2025-07-04 15:40
C:/Users/3D ROYAL/Documents/PYTHON ADVANCE/Project/receipt.jpg,Bank card wwe w= ===,234.0,Uncategorized,2025-07-04 15:40
receipt1.jpg,RecrwptNo,4020397,Uncategorized,2025-07-04 15:45
receipt1.jpg,tha ALI sty $ 200,1000,Uncategorized,2025-07-04 15:45
receipt1.jpg,SH wat S HICK s) 300,1500,Uncategorized,2025-07-04 15:45
receipt1.jpg,WG WHOLE WHE AT LL Thgl $700,1400,Uncategorized,2025-07-04 15:45
