Receipt,Item,Price,Category,Date
receipt.jpg,Telp.,11223344,Uncategorized,2025-07-03 20:42
receipt.jpg,Lorem,1,Uncategorized,2025-07-03 20:42
receipt.jpg,Ipsum,2,Uncategorized,2025-07-03 20:42
receipt.jpg,Dolor sit amet,3,Uncategorized,2025-07-03 20:42
receipt.jpg,Consectetur,4,Uncategorized,2025-07-03 20:42
receipt.jpg,Adipiscing elit,6,Uncategorized,2025-07-03 20:42
receipt.jpg,Bank card wwe w= ===,234,Uncategorized,2025-07-03 20:42
receipt1.jpg,RecrwptNo,4020397,Uncategorized,2025-07-03 20:42
receipt1.jpg,tha ALI sty $ 200,1000,Uncategorized,2025-07-03 20:42
receipt1.jpg,SH wat S HICK s) 300,1500,Uncategorized,2025-07-03 20:42
receipt1.jpg,WG WHOLE WHE AT LL Thgl $700,1400,Uncategorized,2025-07-03 20:42
receipt.jpg,Telp.,11223344,Uncategorized,2025-07-03 20:45
receipt.jpg,Lorem,1,Food,2025-07-03 20:45
receipt.jpg,Ipsum,2,Food,2025-07-03 20:45
receipt.jpg,Dolor sit amet,3,Food,2025-07-03 20:45
receipt.jpg,Consectetur,4,Snack,2025-07-03 20:45
receipt.jpg,Adipiscing elit,6,Snack,2025-07-03 20:45
receipt.jpg,Bank card wwe w= ===,234,Uncategorized,2025-07-03 20:45
